id,first_name,last_name,email,phone,linkedin,experience,education,location,skills,resume,status,applied_at
1,Erica,Jennings,rmorgan@williams-cook.com,624.488.1926,https://www.linkedin.com/in/erica-jennings,Make society draw forget. Couple until life science cause.,"Care capital garden woman field walk treat., Ramirez and Sons","Lake Danielleton, Myanmar","idea, ball, president, difficult, address",Erica_Jennings.pdf,Interview Scheduled,27/02/2025 22:05
2,Timothy,Payne,thomasalison@johnson-hart.com,454-492-0045,https://www.linkedin.com/in/timothy-payne,Cut act middle. Upon kitchen reality. Candidate serve smile threat work enter.,"Home fall production this movement everyone., Mccoy, Hayden and Harris","East Reneebury, New Zealand","section, difficult, face, relationship, that",Timothy_Payne.pdf,Hired,27/02/2025 22:05
3,Andrew,Cunningham,pgordon@rivers-thompson.com,134-403-6577x93196,https://www.linkedin.com/in/andrew-cunningham,Focus Mr security number care. Help final behind appear collection. Way project accept save Mr.,"Represent seem important management true town., Moore Inc","North Jillport, Trinidad and Tobago","science, dog, decision, score, new",Andrew_Cunningham.pdf,Hired,27/02/2025 22:05
4,Kurt,Jacobs,suzanne76@hotmail.com,001-052-005-0029,https://www.linkedin.com/in/kurt-jacobs,Son charge cause event. Join say to tonight begin final. Realize response show. Successful whose visit politics window look.,"Exist bill notice firm prepare your., Garcia-Dominguez","Meganport, Germany","red, human, him, discuss, thought",Kurt_Jacobs.pdf,Rejected,27/02/2025 22:05
5,Isaiah,Robinson,vgreen@collins.com,001-393-071-2411x930,https://www.linkedin.com/in/isaiah-robinson,Black subject ability still ok sort.,"Believe chair Mrs either mother listen picture., Obrien Group","Ericatown, Armenia","reveal, area, turn, expert, production",Isaiah_Robinson.pdf,Applied,27/02/2025 22:05
6,Nichole,Robertson,rebecca41@howard.com,310.670.1066x611,https://www.linkedin.com/in/nichole-robertson,Collection church contain prepare. Prevent toward owner set room save PM. Third assume fire across face once. Issue force image factor.,"Student until type., Hampton Ltd","Mooremouth, Saudi Arabia","son, statement, edge, teach, actually",Nichole_Robertson.pdf,Interview Scheduled,27/02/2025 22:05
7,Brooke,Flowers,richardssusan@taylor-faulkner.com,469.573.1315x79891,https://www.linkedin.com/in/brooke-flowers,Include purpose trip born check. And point tough stand remain.,"Public media oil green response., Welch Ltd","Robleshaven, Mauritius","responsibility, fact, position, stand, include",Brooke_Flowers.pdf,Hired,27/02/2025 22:05
8,Colleen,Schultz,jacob84@yahoo.com,015.748.7273x9996,https://www.linkedin.com/in/colleen-schultz,Thus you plan. Why picture line onto approach. Inside risk enter already five. Back music chance test operation lay hair.,"Meeting age everybody reflect exist., Mendoza, Solomon and Jackson","Jessicaview, Taiwan","method, since, check, light, thousand",Colleen_Schultz.pdf,Hired,27/02/2025 22:05
9,James,Johnson,pmunoz@lawson.info,334-253-9720x29008,https://www.linkedin.com/in/james-johnson,Best into effort forget paper suffer fire. Budget environment half child around environment.,"House expect act account people and word., Hudson PLC","Lake Kimberly, Bermuda","production, over, soon, effort, specific",James_Johnson.pdf,Applied,27/02/2025 22:05
10,Kimberly,Garcia,jwilliams@hotmail.com,(641)917-0769x0155,https://www.linkedin.com/in/kimberly-garcia,Country eat approach business character tend there. Record she but once even himself case.,"Today guess him nearly Republican., Walls-Ayala","Lake Ryan, Ethiopia","list, air, want, relate, yes",Kimberly_Garcia.pdf,Hired,27/02/2025 22:05
11,John,Hoover,shirleyyoung@gmail.com,001-425-920-7990x7189,https://www.linkedin.com/in/john-hoover,Past effort according. Know address policy poor head thought. Support side factor such movement.,"Service public century have world avoid forget., Davis, Estrada and Perry","Port Cynthiaside, Tanzania","our, get, western, board, between",John_Hoover.pdf,Reviewed,27/02/2025 22:05
12,Kurt,Montgomery,james92@ramirez-smith.com,029-191-5197x593,https://www.linkedin.com/in/kurt-montgomery,Difficult carry return glass reach garden. Clear figure sound conference.,"Respond top late not top., Meyer, Ray and Powell","Whiteville, Guinea","project, save, benefit, watch, child",Kurt_Montgomery.pdf,Reviewed,27/02/2025 22:05
13,Megan,Rios,charlene92@gmail.com,001-303-532-4321,https://www.linkedin.com/in/megan-rios,Could red day behind share financial forward. Everybody program later. Model our agreement news theory election relate off.,"Interest style people., Long-Brown","Hernandezview, Mayotte","tough, need, article, shoulder, off",Megan_Rios.pdf,Interview Scheduled,27/02/2025 22:05
14,Debbie,Pitts,holmesconnie@yahoo.com,636-273-4244,https://www.linkedin.com/in/debbie-pitts,May stuff project establish body TV.,"Audience home power study day., Hill, Flores and Ryan","South Alexander, Fiji","spend, hotel, thought, some, gun",Debbie_Pitts.pdf,Interview Scheduled,27/02/2025 22:05
15,Neil,Carlson,james62@gmail.com,001-465-427-8401,https://www.linkedin.com/in/neil-carlson,Me friend still. Rock reflect establish yard think way.,"Too daughter free information., White-Pugh","Chambersfort, Cote d'Ivoire","hit, do, military, attention, Congress",Neil_Carlson.pdf,Hired,27/02/2025 22:05
16,Billy,Drake,tonyjohnson@payne.com,318.872.2599x9291,https://www.linkedin.com/in/billy-drake,See report year challenge own under. Set agency war.,"On data make market three., Gonzalez, Robbins and Chavez","Wayneside, Dominican Republic","large, major, because, direction, election",Billy_Drake.pdf,Rejected,27/02/2025 22:05
17,Gina,Smith,sanchezabigail@hubbard.com,988-759-3160x025,https://www.linkedin.com/in/gina-smith,Five town rest wish successful. Tree three likely happen chair picture about. Issue physical at bag decide responsibility.,"Measure direction floor standard card civil large., Martinez-Lewis","Amandahaven, Guyana","minute, east, bed, according, write",Gina_Smith.pdf,Hired,27/02/2025 22:05
18,Kaitlyn,Miller,darrencantrell@yahoo.com,001-740-504-8217x2847,https://www.linkedin.com/in/kaitlyn-miller,Build structure anyone source. Away day several avoid.,"Course visit best recent media for., Lopez-Booker","Bernardmouth, Mozambique","smile, quickly, leave, reach, watch",Kaitlyn_Miller.pdf,Reviewed,27/02/2025 22:05
19,Patrick,Johnson,elizabeth56@hotmail.com,001-056-260-2470x92207,https://www.linkedin.com/in/patrick-johnson,Police various style goal company during. Course mention analysis debate. Long will upon need.,"Adult gun relate heart pull local Congress with., Jackson, Luna and Guerrero","Laurenview, Cambodia","during, worker, then, rich, probably",Patrick_Johnson.pdf,Interview Scheduled,27/02/2025 22:05
20,Sean,Wang,melissaweaver@gmail.com,236-218-9754x5759,https://www.linkedin.com/in/sean-wang,Per they care for. Attorney college economy station. Paper someone risk discussion family film.,"Degree lay purpose condition owner body., Bailey Group","East Jennifer, Bangladesh","different, because, per, fact, two",Sean_Wang.pdf,Applied,27/02/2025 22:05
21,Timothy,Williams,yhampton@gmail.com,(197)823-5430x341,https://www.linkedin.com/in/timothy-williams,Watch space right nation building treatment or. Space role since figure lay. Approach group matter you special range than.,"Need per nature., Johnson-Quinn","East Vincentfort, Korea","carry, election, why, very, artist",Timothy_Williams.pdf,Reviewed,27/02/2025 22:05
22,Richard,Patrick,pamelahickman@morse.com,001-468-014-0117,https://www.linkedin.com/in/richard-patrick,Allow happy save green issue. Expect support lawyer my quality.,"National environmental determine north early seem., Ramirez, Miller and Clay","Port Jasonside, Anguilla","cell, collection, among, state, wear",Richard_Patrick.pdf,Applied,27/02/2025 22:05
23,Christian,Yates,watsonalicia@beck.biz,+1-092-852-2152x93760,https://www.linkedin.com/in/christian-yates,Person good especially consider share thank police somebody. Brother probably garden upon.,"Piece serve difficult., Nash LLC","North Thomasberg, Rwanda","person, trade, few, hit, interesting",Christian_Yates.pdf,Hired,27/02/2025 22:05
24,Karl,Reese,jesse04@gallegos-pearson.net,3436151540,https://www.linkedin.com/in/karl-reese,Blue free no appear. Put recently practice window season also social.,"Whatever know everything believe address., Dennis-Todd","Connorport, Korea","service, issue, state, manager, sure",Karl_Reese.pdf,Rejected,27/02/2025 22:05
25,Jacqueline,Mendez,nwallace@gmail.com,341.232.0320x811,https://www.linkedin.com/in/jacqueline-mendez,Realize start summer team professional. Community reach while alone stock agree they.,"Low purpose other adult list in., Banks-Walters","East Shawnchester, India","discuss, score, support, ball, item",Jacqueline_Mendez.pdf,Applied,27/02/2025 22:05
26,Carlos,Kirby,oduffy@hotmail.com,152-884-9078,https://www.linkedin.com/in/carlos-kirby,Green nor director continue with final. Full understand more on affect deep discover.,"Yourself professional important surface., Rivera-Smith","East Amyborough, Qatar","building, sense, talk, go, painting",Carlos_Kirby.pdf,Applied,27/02/2025 22:05
27,Rebecca,Anderson,edwardsrose@dean.com,1121752426,https://www.linkedin.com/in/rebecca-anderson,Direction exactly occur truth. Mrs day relationship real suggest. Voice billion picture.,"Attention subject doctor notice herself., Henry, Barry and Charles","East Ernest, China","share, other, nature, man, Congress",Rebecca_Anderson.pdf,Applied,27/02/2025 22:05
28,Amy,Petersen,jonescheryl@hotmail.com,+1-630-614-2219x0763,https://www.linkedin.com/in/amy-petersen,Miss check among west agreement for read describe. Compare fast pull executive. Its culture compare purpose great smile.,"Knowledge page provide north., Walsh and Sons","Richardhaven, Kiribati","wall, space, thing, letter, later",Amy_Petersen.pdf,Hired,27/02/2025 22:05
29,Brandy,May,ulowery@andersen-fernandez.org,154.718.8221x96682,https://www.linkedin.com/in/brandy-may,Star race toward us. Value adult pass. See his positive far than they deal.,"Especially glass represent ball responsibility recognize., Braun, Garcia and Williams","Romerohaven, Canada","television, performance, ten, think, always",Brandy_May.pdf,Reviewed,27/02/2025 22:05
30,Christine,Smith,qboyd@delacruz.com,001-460-272-8701x639,https://www.linkedin.com/in/christine-smith,Owner area goal show land leader rather.,"Newspaper spring PM soldier group exist radio., Gonzales, Cisneros and Whitehead","Tracyhaven, Cocos (Keeling) Islands","build, born, your, kid, court",Christine_Smith.pdf,Reviewed,27/02/2025 22:05
31,Daniel,Knox,johnsonjenny@gmail.com,894.399.4853,https://www.linkedin.com/in/daniel-knox,Eat great mission team impact product front. Store occur support. Stop health among follow lead. Him only chance represent.,"Meet design vote direction example., Collins, Stokes and Berg","Lake Michaelview, Burkina Faso","send, modern, worker, safe, head",Daniel_Knox.pdf,Hired,27/02/2025 22:05
32,Luis,Ryan,bensonderek@yahoo.com,466-533-7023x433,https://www.linkedin.com/in/luis-ryan,Involve economy wrong opportunity forget never. Already policy owner scientist born responsibility. Far compare she firm when shake.,"Protect short without soldier plan., Strickland and Sons","Stevensonmouth, Burkina Faso","minute, step, population, series, us",Luis_Ryan.pdf,Rejected,27/02/2025 22:05
33,Amy,Sherman,martinalicia@gmail.com,+1-471-054-1240x773,https://www.linkedin.com/in/amy-sherman,Before she debate should establish stock her hair. Into especially name national learn four. Institution prepare dream nor.,"President owner project investment., Jackson-Cannon","New Jason, Guadeloupe","they, mission, light, general, part",Amy_Sherman.pdf,Interview Scheduled,27/02/2025 22:05
34,Kristin,Maldonado,caseylewis@davis.com,(801)676-9225x0744,https://www.linkedin.com/in/kristin-maldonado,Thousand vote two hundred bit. Democrat body support commercial energy risk west without.,"Traditional not onto least research likely worker., Massey Group","Marshallburgh, Guam","lawyer, especially, sign, capital, drug",Kristin_Maldonado.pdf,Interview Scheduled,27/02/2025 22:05
35,Tracy,Stanley,kguerra@gmail.com,001-244-199-9490x43222,https://www.linkedin.com/in/tracy-stanley,Investment loss mission system production. Tree about Congress western eight firm.,"Training determine these significant share particularly., Brown, Gray and Lopez","Kimberlyshire, Tanzania","start, finally, change, but, yard",Tracy_Stanley.pdf,Applied,27/02/2025 22:05
36,Janet,Grant,lawsoneric@yahoo.com,+1-673-745-1966x0398,https://www.linkedin.com/in/janet-grant,Culture scientist structure improve agency option you character. Strong just grow ever technology cultural that.,"Design lose believe rich church my., Howell PLC","Port Isabelborough, Poland","movement, success, child, trouble, out",Janet_Grant.pdf,Interview Scheduled,27/02/2025 22:05
37,Laura,Johnson,xperez@yahoo.com,954.078.5424x256,https://www.linkedin.com/in/laura-johnson,Cost try young chair. Prove area question conference building add. Number idea end ago. So site sell bit air laugh.,"Though possible everyone., Gonzalez, Nelson and Gallagher","North Feliciaville, Antarctica (the territory South of 60 deg S)","control, go, center, heavy, along",Laura_Johnson.pdf,Rejected,27/02/2025 22:05
38,Sherry,Clements,bakercharles@gmail.com,(978)653-3539,https://www.linkedin.com/in/sherry-clements,Election enter late summer feel. Middle material success when always start health bank. Must message capital cell piece author call.,"Reflect knowledge production that., Jimenez and Sons","South Mary, Cocos (Keeling) Islands","type, Republican, own, yourself, summer",Sherry_Clements.pdf,Reviewed,27/02/2025 22:05
39,Christy,Turner,hollyrichards@yahoo.com,697.588.3109x0227,https://www.linkedin.com/in/christy-turner,Able south arrive carry never. Bring whatever yes anyone personal main defense.,"Maintain such world., Ball and Sons","Jacksonburgh, Cape Verde","physical, necessary, who, control, I",Christy_Turner.pdf,Rejected,27/02/2025 22:05
40,William,Jordan,ryangraham@sanchez.info,849.040.7689x7780,https://www.linkedin.com/in/william-jordan,Serve trouble defense trouble will product light. Consumer computer since data which move. Contain trade present care attention.,"Myself somebody off against sign camera., Rivera, Mcgrath and Bennett","Jacksonchester, Trinidad and Tobago","past, low, summer, measure, industry",William_Jordan.pdf,Hired,27/02/2025 22:05
41,Kyle,Valencia,pottskaren@yahoo.com,9176868239,https://www.linkedin.com/in/kyle-valencia,Assume feeling ground court ground identify.,"Really that whether would mission Democrat play military., Banks Inc","Lake Caitlinhaven, Somalia","her, clearly, close, measure, star",Kyle_Valencia.pdf,Rejected,27/02/2025 22:05
42,Howard,Koch,ucisneros@taylor.biz,+1-490-279-5464x904,https://www.linkedin.com/in/howard-koch,Develop door believe friend and hand gas. Store positive find debate mind hear site service. Throughout music city if.,"Subject because leader plan role kid life often., Chambers, Riley and Ferguson","West Amandachester, United Arab Emirates","green, hospital, up, operation, bank",Howard_Koch.pdf,Reviewed,27/02/2025 22:05
43,Daniel,Brooks,royblack@lamb-garcia.com,(638)765-6456,https://www.linkedin.com/in/daniel-brooks,Staff people evidence unit. Ball seat in artist. Human travel national response across first. Goal determine able.,"Energy pay great response vote usually like draw., Dawson, Shaffer and Jones","Port Robertchester, Gibraltar","indeed, use, voice, activity, perhaps",Daniel_Brooks.pdf,Rejected,27/02/2025 22:05
44,Sean,Carroll,yoderlisa@anderson-todd.com,639-266-0959x257,https://www.linkedin.com/in/sean-carroll,Matter bank establish fight some. Book great speak family maybe father later realize. Whatever color school difficult relate mouth attack.,"Key wait yes tough as need operation., Morrison-Brown","Danielberg, Guernsey","available, size, just, with, child",Sean_Carroll.pdf,Applied,27/02/2025 22:05
45,Mrs.,Sandra Davis,brian79@hughes-hamilton.com,202.957.1457,https://www.linkedin.com/in/mrs.-sandra davis,Analysis level charge item beyond edge among. Class painting you population oil public today. Hard early sit.,"Just how music medical sing term result public., Baxter LLC","Lake Alyssamouth, French Polynesia","finally, none, minute, theory, contain",Mrs._Sandra Davis.pdf,Reviewed,27/02/2025 22:05
46,Christopher,Quinn,brownwanda@bradshaw.com,693.086.2731,https://www.linkedin.com/in/christopher-quinn,Board knowledge serve sign culture daughter among. Performance democratic wrong place song themselves paper.,"Young interesting issue citizen., Elliott Inc","Savagechester, Hungary","heart, expert, shoulder, speak, decide",Christopher_Quinn.pdf,Hired,27/02/2025 22:05
47,Laura,Liu,bsims@hotmail.com,-4877,https://www.linkedin.com/in/laura-liu,Common toward statement interest draw sea discover. Town would dinner effort toward. Effort political soldier attention radio.,"Writer laugh key low., Odonnell-Butler","Debbieville, Solomon Islands","home, area, cut, enter, hard",Laura_Liu.pdf,Hired,27/02/2025 22:05
48,John,Burch,thompsonanna@williams.com,(303)746-4789,https://www.linkedin.com/in/john-burch,While same state onto case. Ago able but contain almost.,"Painting people purpose data rich soon any resource., Stewart-Burnett","Michaelfort, Korea","mother, seven, citizen, eye, other",John_Burch.pdf,Hired,27/02/2025 22:05
49,Mary,Chan,scott67@gmail.com,001-850-672-1500,https://www.linkedin.com/in/mary-chan,Develop writer success trip result.,"Office technology method., Hartman, Odonnell and Mann","Smithton, Tajikistan","question, analysis, she, marriage, sister",Mary_Chan.pdf,Interview Scheduled,27/02/2025 22:05
50,Pamela,Butler,andrew44@yahoo.com,570-137-3252,https://www.linkedin.com/in/pamela-butler,Issue team chair paper be example any. Believe clear dog under play save.,"Turn next away pull fact education house., Dickerson, Vaughn and Ashley","Maddoxside, Belarus","with, project, defense, require, address",Pamela_Butler.pdf,Interview Scheduled,27/02/2025 22:05
51,Tony,Lucero,kevinwilliams@burke.com,157.070.5180x003,https://www.linkedin.com/in/tony-lucero,Offer structure between fight reduce cell. Live sing sport like good near.,"Attention benefit summer through production air between., Harding Group","South Lauren, Japan","shake, type, page, pick, six",Tony_Lucero.pdf,Rejected,27/02/2025 22:05
52,Cathy,Martin,cphillips@perez.com,955-156-7212x017,https://www.linkedin.com/in/cathy-martin,None whose take size debate remember arrive news. Training staff increase human wind. Nothing success available like girl in.,"Region newspaper around collection budget church., Newman, Suarez and Thomas","Christopherstad, Oman","hit, create, agreement, stop, everyone",Cathy_Martin.pdf,Hired,27/02/2025 22:05
53,Denise,Ortiz,cynthia70@williams.com,+1-715-791-7675x23293,https://www.linkedin.com/in/denise-ortiz,Imagine American billion old middle society dinner. Hot list health final church. Success one cost share history attention.,"Letter receive join PM., Foley-Olson","Jenniferbury, Congo","social, course, card, old, call",Denise_Ortiz.pdf,Interview Scheduled,27/02/2025 22:05
54,Brett,Francis,juliefrederick@yahoo.com,001-862-291-1152x51085,https://www.linkedin.com/in/brett-francis,Subject either case usually employee air. Film town hundred appear letter. Girl far soon financial life.,"Any ever writer industry history sell., Ross-Simmons","Romeroshire, Mayotte","stage, maybe, resource, anything, chance",Brett_Francis.pdf,Reviewed,27/02/2025 22:05
55,Juan,Conner,frivera@hotmail.com,(708)715-1827x54506,https://www.linkedin.com/in/juan-conner,Decision task detail car. See me news message possible couple. Option conference place view position.,"Market already fall somebody speak., Hawkins Inc","New Lawrenceshire, Malaysia","treatment, energy, team, forget, certainly",Juan_Conner.pdf,Rejected,27/02/2025 22:05
56,Megan,Robinson,madison06@olsen.biz,001-904-144-3591,https://www.linkedin.com/in/megan-robinson,Push bill no series job us. Admit computer rule never traditional PM page.,"Soon go avoid player I church week., Vasquez, Hatfield and Patrick","Joseburgh, Togo","prepare, power, right, group, fall",Megan_Robinson.pdf,Hired,27/02/2025 22:05
57,Danielle,Spencer,johnathancastro@hotmail.com,001-617-305-3517x741,https://www.linkedin.com/in/danielle-spencer,Town again young interesting note. Majority fill could state special blue way.,"Sing miss lay., Adams-Stein","Carlstad, Guernsey","do, without, station, upon, production",Danielle_Spencer.pdf,Hired,27/02/2025 22:05
58,Rodney,Harvey,kevinkirby@anderson.com,001-949-617-7214x777,https://www.linkedin.com/in/rodney-harvey,Just front single room action. Room special sign challenge material tree.,"Rest next alone able law not better suddenly., Roach-Fernandez","Joshuaton, Bermuda","meet, better, hope, five, TV",Rodney_Harvey.pdf,Hired,27/02/2025 22:05
59,Kathleen,Jensen,andradeshane@yahoo.com,(320)414-1806x4234,https://www.linkedin.com/in/kathleen-jensen,Successful Democrat let behind lay. Out receive suffer get close choice. Individual environmental week newspaper production religious.,"Down sign body third person thought we., Rodriguez-Martinez","North Jasonland, Luxembourg","minute, the, herself, describe, American",Kathleen_Jensen.pdf,Applied,27/02/2025 22:05
60,Laura,Jordan,patrick95@gmail.com,629-316-5870x5707,https://www.linkedin.com/in/laura-jordan,Note continue everybody free. Challenge develop five suffer them fact change.,"Popular would bag about themselves gun not., Wells, Bryant and Hendricks","East Natalieton, Libyan Arab Jamahiriya","address, special, parent, soon, affect",Laura_Jordan.pdf,Applied,27/02/2025 22:05
61,Lauren,Merritt,davidnovak@montoya.info,+1-992-902-9538x670,https://www.linkedin.com/in/lauren-merritt,Something college recent herself. Medical popular trouble old increase.,"Prove compare condition., Luna, Cisneros and Pierce","Palmerhaven, Liberia","off, number, public, total, drug",Lauren_Merritt.pdf,Rejected,27/02/2025 22:05
62,Kevin,Ware,mtaylor@yahoo.com,+1-407-677-8947x81825,https://www.linkedin.com/in/kevin-ware,Rich can just Democrat occur health process.,"Draw own thing activity out lawyer family., Henderson, Gonzalez and Martin","Carlosbury, Andorra","whatever, necessary, fly, ask, drop",Kevin_Ware.pdf,Hired,27/02/2025 22:05
63,Kayla,Anderson,christine06@larson-blackwell.com,001-518-940-8038x0371,https://www.linkedin.com/in/kayla-anderson,Individual can left ask role loss. Child fear serious describe. Wind help exactly loss have.,"School animal explain also child join recognize., Moore-King","South Bradley, Liberia","give, increase, state, by, much",Kayla_Anderson.pdf,Rejected,27/02/2025 22:05
64,James,Brown,connersamuel@hotmail.com,638-381-5601x6068,https://www.linkedin.com/in/james-brown,Way they late compare food. May little rule full such. Different eight lead he heavy five.,"No sure music north., Rodriguez PLC","East Catherine, Cyprus","move, sister, sound, central, join",James_Brown.pdf,Interview Scheduled,27/02/2025 22:05
65,Lisa,Cole,ashley02@lowe-hicks.org,977.974.1479x7403,https://www.linkedin.com/in/lisa-cole,See enjoy break spend level similar coach.,"Writer product information film entire final., Anderson-Rodriguez","West Patrickhaven, Reunion","late, almost, management, north, require",Lisa_Cole.pdf,Applied,27/02/2025 22:05
66,Ryan,Salazar,jimknight@yahoo.com,001-445-261-0197,https://www.linkedin.com/in/ryan-salazar,Issue it find off personal. Knowledge seven actually as. Among other serious significant stock customer.,"Return hotel investment might spring., King PLC","Thomasport, Somalia","go, might, home, including, low",Ryan_Salazar.pdf,Reviewed,27/02/2025 22:05
67,Steven,Stewart,diana61@gmail.com,(224)134-6023x68360,https://www.linkedin.com/in/steven-stewart,Plan population feeling artist happy include dream. Voice lose risk later successful real.,"Level environment party house., Stevenson-Brown","Grimesview, Tajikistan","lot, significant, win, city, then",Steven_Stewart.pdf,Applied,27/02/2025 22:05
68,Alexis,Solomon,thomasrowe@jackson.com,674.071.8567x70555,https://www.linkedin.com/in/alexis-solomon,Produce analysis left production success nation. Although physical guy onto quickly build. Talk Democrat than cultural decide.,"Sound early live., Allen LLC","Port Franciston, Hungary","discuss, suffer, feeling, you, dinner",Alexis_Solomon.pdf,Rejected,27/02/2025 22:05
69,Gregory,Cabrera,padams@gmail.com,(507)853-9512,https://www.linkedin.com/in/gregory-cabrera,Data quality dream spend. Where human develop answer current according. Deal across forward peace minute on although.,"Adult surface support., Cline, Miller and Harris","South Grace, Yemen","become, believe, happen, imagine, degree",Gregory_Cabrera.pdf,Reviewed,27/02/2025 22:05
70,Katie,Castillo,ksmith@gmail.com,(786)712-4821,https://www.linkedin.com/in/katie-castillo,Far vote mean return under own well. Wide miss cause theory answer actually. Research miss notice.,"Letter listen physical president team federal fish list., Travis, Jenkins and Jones","Lutzview, Palestinian Territory","eat, us, result, wife, gas",Katie_Castillo.pdf,Reviewed,27/02/2025 22:05
71,Andrew,David,crystalsmith@brown.com,4450068578,https://www.linkedin.com/in/andrew-david,Reach discuss woman ability. Meet hand adult work.,"Item give exactly., Thomas PLC","Nguyenport, American Samoa","through, hot, sign, upon, simply",Andrew_David.pdf,Interview Scheduled,27/02/2025 22:05
72,Daniel,Briggs,alicia32@montgomery.com,+1-548-181-8413x091,https://www.linkedin.com/in/daniel-briggs,Chance dog law something even experience recently interview. Environmental college friend study.,"Own them particular enjoy director., Hartman, Frost and Davis","Mitchellshire, Western Sahara","group, measure, she, she, must",Daniel_Briggs.pdf,Hired,27/02/2025 22:05
73,Pamela,Stanley,qortiz@curry.com,+1-604-494-0186x7720,https://www.linkedin.com/in/pamela-stanley,Agency will town myself white admit. Full nor foreign use direction culture. Yet end bar.,"Election fact single account these., Hardy and Sons","New Christina, India","enjoy, will, whom, really, statement",Pamela_Stanley.pdf,Applied,27/02/2025 22:05
74,Jeffrey,Bailey,hicksangelica@yahoo.com,2991535307,https://www.linkedin.com/in/jeffrey-bailey,Who follow sure machine population fund network. Play news in class.,"Follow almost wear hope evidence their own., Sanders-Oconnor","North Anthonyfurt, Maldives","third, yard, apply, have, thousand",Jeffrey_Bailey.pdf,Applied,27/02/2025 22:05
75,Adrian,Jimenez,williamsdouglas@hotmail.com,(945)503-9824x8347,https://www.linkedin.com/in/adrian-jimenez,Party choice rest reason under. Off decide week Democrat voice hair. Likely than crime speak suggest.,"Agent partner election investment market., Jackson, Allen and Vargas","New Williamstad, Netherlands Antilles","would, dream, second, southern, itself",Adrian_Jimenez.pdf,Rejected,27/02/2025 22:05
76,Hailey,Collins,vincentlauren@gmail.com,174.794.8616x43482,https://www.linkedin.com/in/hailey-collins,Drive television nothing line. Reality drive pressure teacher performance or.,"Case go college serve often., Thomas, Mcintyre and Larson","Lindseyburgh, Singapore","him, need, strategy, sound, response",Hailey_Collins.pdf,Rejected,27/02/2025 22:05
77,Regina,David,jrobinson@gmail.com,001-928-588-6167,https://www.linkedin.com/in/regina-david,Provide speak scientist. Suggest pretty next between. Door person home between but property Mrs. Later effect language sometimes.,"Hear remember board than attorney name., Flynn PLC","Ginafurt, Cape Verde","he, audience, seat, reach, rest",Regina_David.pdf,Interview Scheduled,27/02/2025 22:05
78,Robert,Miller,weissscott@hotmail.com,666.923.4758x55633,https://www.linkedin.com/in/robert-miller,Next go over. Film term present safe politics under usually wide. Simply himself program per rest bar. Light easy reflect cultural last production.,"Data class decision suffer whom pull., Hunt Ltd","Debratown, Benin","former, force, front, theory, I",Robert_Miller.pdf,Reviewed,27/02/2025 22:05
79,Jared,Ray,ybuckley@gmail.com,+1-474-819-4085x73104,https://www.linkedin.com/in/jared-ray,Rest follow dark remember. Church child he seem market respond. Choose continue respond treatment contain similar.,"Rock without arrive none value., Anderson PLC","Lake Carrie, Cyprus","wait, woman, environment, popular, prevent",Jared_Ray.pdf,Rejected,27/02/2025 22:05
80,Marcus,Brown,fletcherkathy@wells.net,044.767.4781,https://www.linkedin.com/in/marcus-brown,Hospital government dark pattern cause. Career issue candidate white imagine star leader. Indicate still impact truth side until sing.,"Try once high brother oil., Zuniga Ltd","West Megan, Russian Federation","college, such, effect, away, project",Marcus_Brown.pdf,Reviewed,27/02/2025 22:05
81,Jessica,Murphy,mwilson@gmail.com,638.602.7297x43959,https://www.linkedin.com/in/jessica-murphy,Ability single someone indicate tax between. Send drug include. Necessary family support place capital vote fill. Life brother modern memory.,"Push majority foot occur., Mckenzie Group","Bowmanport, Guinea","usually, prevent, work, as, necessary",Jessica_Murphy.pdf,Applied,27/02/2025 22:05
82,Martha,Miller,hgibson@hotmail.com,-9049,https://www.linkedin.com/in/martha-miller,Teacher throw defense plan. Story develop color kid.,"Government laugh analysis item among cost medical., Cobb, Crawford and Johnson","Lake Alexandra, Hungary","fund, increase, collection, national, arm",Martha_Miller.pdf,Reviewed,27/02/2025 22:05
83,Abigail,Herrera,hughesjared@hotmail.com,246.149.0229x26867,https://www.linkedin.com/in/abigail-herrera,Story material weight right education to. Woman state structure baby also mean will. Score music exactly experience all attack.,"Chair until sister sort system., Ellison, Davis and Livingston","Andrewmouth, Philippines","clearly, prevent, country, son, camera",Abigail_Herrera.pdf,Interview Scheduled,27/02/2025 22:05
84,Amy,Thomas,mackenzie60@cole.com,750.131.2118,https://www.linkedin.com/in/amy-thomas,Not until where. Ahead loss report here. Small seek none someone fear.,"Hotel yourself will north., Campbell, James and Hall","Port Richardfort, Falkland Islands (Malvinas)","record, PM, guess, could, product",Amy_Thomas.pdf,Interview Scheduled,27/02/2025 22:05
85,Brenda,Miller,dthompson@gmail.com,(089)623-7594x6800,https://www.linkedin.com/in/brenda-miller,Low attack about suggest hear play market. Dinner appear than join star prepare bag.,"Give eat like whole exist., Patrick-Bryant","Lake Justinfurt, Monaco","stay, less, determine, relationship, thank",Brenda_Miller.pdf,Rejected,27/02/2025 22:05
86,Patricia,Little,robertmendoza@murphy.net,223-201-2984x369,https://www.linkedin.com/in/patricia-little,Moment brother woman risk give western. Pattern can center son.,"Would him report there., Brown, Kim and Johnson","Starkside, Singapore","occur, unit, son, whether, dark",Patricia_Little.pdf,Reviewed,27/02/2025 22:05
87,Lisa,Peters,jesus20@gmail.com,(793)043-4805x9717,https://www.linkedin.com/in/lisa-peters,Fight section where page. Week song into my trouble spring against.,"Daughter big teach two American., Kelly, Taylor and Harris","Lake Lisaton, Congo","mouth, all, sing, prove, big",Lisa_Peters.pdf,Applied,27/02/2025 22:05
88,Ashlee,Mckenzie,hayley86@hotmail.com,161.832.1621x96537,https://www.linkedin.com/in/ashlee-mckenzie,Final child outside power condition. Itself wish order act total fly.,"Eight brother before move., Adkins, Pace and Wagner","Carterbury, Ecuador","concern, but, will, receive, assume",Ashlee_Mckenzie.pdf,Applied,27/02/2025 22:05
89,Jessica,Schroeder,jeannixon@gmail.com,+1-459-480-0880x08595,https://www.linkedin.com/in/jessica-schroeder,Owner whether maintain figure. Break security walk seat picture. Maintain share study floor must.,"Product involve through Mr film speech tax., Holden LLC","West Samantha, Brazil","concern, vote, skill, when, onto",Jessica_Schroeder.pdf,Applied,27/02/2025 22:05
90,Timothy,Ritter,katherinerosales@gmail.com,(333)364-7081,https://www.linkedin.com/in/timothy-ritter,Institution world soon foot. International evening item leave member occur modern. Save itself particularly yourself trip commercial yourself.,"Forget single social general message., Nguyen, Martin and Haney","North Kevinhaven, Ukraine","else, clearly, leader, many, candidate",Timothy_Ritter.pdf,Interview Scheduled,27/02/2025 22:05
91,Dawn,Goodwin,lindalawson@moore-hayes.com,+1-297-213-5346x90027,https://www.linkedin.com/in/dawn-goodwin,Affect election off somebody doctor law institution nor. Maintain mother data partner down single bed above. Memory them prove.,"Reach painting two today., Lam-Taylor","Lake Jason, Albania","Republican, century, of, light, all",Dawn_Goodwin.pdf,Rejected,27/02/2025 22:05
92,Harold,Thomas,xbarker@hotmail.com,330.789.5339,https://www.linkedin.com/in/harold-thomas,Her nice itself explain special I learn.,"Population respond air remember., Molina Group","Lake Beverly, United Arab Emirates","game, moment, suffer, so, carry",Harold_Thomas.pdf,Interview Scheduled,27/02/2025 22:05
93,Joseph,Ray,millerjorge@medina.com,4877010414,https://www.linkedin.com/in/joseph-ray,Third option continue like personal enjoy. Organization answer action Congress. Safe particular top bank present unit.,"West someone establish bit., Robinson-Logan","Foleyshire, Brunei Darussalam","item, opportunity, together, worker, far",Joseph_Ray.pdf,Interview Scheduled,27/02/2025 22:05
94,Rebecca,Bryan,droberts@clark.net,063.022.2403x540,https://www.linkedin.com/in/rebecca-bryan,Parent mind sell reason concern stay generation former. Campaign baby and enough grow.,"Live want performance recent., Weber-Brady","Rogermouth, Poland","open, something, game, beautiful, agency",Rebecca_Bryan.pdf,Interview Scheduled,27/02/2025 22:05
95,Sarah,Hernandez,catherinejackson@yahoo.com,4493410832,https://www.linkedin.com/in/sarah-hernandez,Expect wait south account occur available. Agency add almost bring sport. Dream person career quality contain culture. Term thus agree recognize social station.,"Oil also fight or television fly large., Collins-Taylor","New Mitchellbury, Namibia","quickly, specific, serious, expert, building",Sarah_Hernandez.pdf,Interview Scheduled,27/02/2025 22:05
96,Jason,Carlson,craigtownsend@hughes.com,(682)336-9158x36929,https://www.linkedin.com/in/jason-carlson,Least write get.,"Join attack music business a., Martinez and Sons","Sarafurt, American Samoa","party, leg, this, every, this",Jason_Carlson.pdf,Hired,27/02/2025 22:05
97,Suzanne,Ewing DDS,dpotter@yahoo.com,(813)730-3056,https://www.linkedin.com/in/suzanne-ewing dds,Summer summer table upon out suddenly. Congress unit wrong deep. Agency catch allow pattern heavy fire particular.,"Management pretty officer various list after., Miller LLC","Suzannechester, Grenada","receive, certain, book, group, argue",Suzanne_Ewing DDS.pdf,Applied,27/02/2025 22:05
98,Joshua,Scott,sherrimanning@hotmail.com,753-552-8685,https://www.linkedin.com/in/joshua-scott,Value nor same as option. Point collection suggest argue radio upon.,"Note exactly why table start throw., Navarro, Mcintyre and Zimmerman","South Danielmouth, Mali","turn, young, identify, eye, very",Joshua_Scott.pdf,Reviewed,27/02/2025 22:05
99,Jason,Munoz,dustin17@bryant.info,+1-556-158-6791x017,https://www.linkedin.com/in/jason-munoz,Every letter claim raise war. Common hope entire fill way.,"Notice issue television necessary environment federal., Richards-Thomas","North Tracyside, Bouvet Island (Bouvetoya)","level, past, away, world, save",Jason_Munoz.pdf,Applied,27/02/2025 22:05
100,Rachel,Gilmore,ftaylor@maldonado-baker.info,(803)093-4918x78014,https://www.linkedin.com/in/rachel-gilmore,Morning wrong put huge. Couple up director factor it state wait.,"Also decide good house figure., Pennington, Fitzgerald and Alexander","Kennedychester, Sri Lanka","environment, side, although, prove, tell",Rachel_Gilmore.pdf,Applied,27/02/2025 22:05
